{
  "feature_names": [
    " Age (yrs)",
    "Weight (Kg)",
    "Height(Cm) ",
    "BMI",
    "Blood Group",
    "Pulse rate(bpm) ",
    "RR (breaths/min)",
    "Hb(g/dl)",
    "Cycle(R/I)",
    "Cycle length(days)",
    "Marraige Status (Yrs)",
    "Pregnant(Y/N)",
    "No. of aborptions",
    "  I   beta-HCG(mIU/mL)",
    "FSH(mIU/mL)",
    "LH(mIU/mL)",
    "FSH/LH",
    "Hip(inch)",
    "Waist(inch)",
    "Waist:Hip Ratio",
    "TSH (mIU/L)",
    "PRL(ng/mL)",
    "Vit D3 (ng/mL)",
    "PRG(ng/mL)",
    "RBS(mg/dl)",
    "Weight gain(Y/N)",
    "hair growth(Y/N)",
    "Skin darkening (Y/N)",
    "Hair loss(Y/N)",
    "Pimples(Y/N)",
    "Fast food (Y/N)",
    "Reg.Exercise(Y/N)",
    "BP _Systolic (mmHg)",
    "BP _Diastolic (mmHg)",
    "Follicle No. (L)",
    "Follicle No. (R)",
    "Avg. F size (L) (mm)",
    "Avg. F size (R) (mm)",
    "Endometrium (mm)",
    "LH_FSH_ratio",
    "follicle_total",
    "follicle_asymmetry"
  ],
  "n_features": 42,
  "n_train": 432,
  "n_test": 109,
  "pcos_rate_train": 0.3263888888888889,
  "pcos_rate_test": 0.3302752293577982,
  "scaler_mean": [
    31.416666666666668,
    59.41412037037038,
    156.37632407407406,
    24.25062941196759,
    13.79861111111111,
    73.18518518518519,
    19.256944444444443,
    11.172407407407407,
    2.576388888888889,
    4.956018518518518,
    7.725,
    0.36342592592592593,
    0.2777777777777778,
    589.4528842592592,
    17.0520625,
    2.7424212962962966,
    7.650599836348842,
    37.995370370370374,
    33.791666666666664,
    0.8905025136050926,
    3.0709907407407404,
    23.578310185185185,
    55.534124999999996,
    0.47199305555555554,
    99.46342592592592,
    0.3587962962962963,
    0.26851851851851855,
    0.30787037037037035,
    0.4675925925925926,
    0.49074074074074076,
    0.5185185185185185,
    0.24305555555555555,
    114.68055555555556,
    76.77777777777777,
    6.0717592592592595,
    6.513888888888889,
    14.9625,
    15.417523148148147,
    8.491712962962962,
    0.5537394958950601,
    12.585648148148149,
    2.048611111111111
  ],
  "scaler_std": [
    5.427766405083047,
    11.160631024919686,
    6.067923026698589,
    4.0941413171338,
    1.8593352846157907,
    4.743705670066912,
    1.7067941349605704,
    0.8716572342493375,
    0.9096692096513185,
    1.5261337254006324,
    4.857690066047625,
    0.48098598970324424,
    0.6608542918539067,
    3024.0711668450776,
    242.57406024325135,
    2.337817817235446,
    67.7585102758094,
    3.9645392114496842,
    3.594378970724315,
    0.04636026153960691,
    3.9600358835480693,
    13.693964105822788,
    386.8244491333295,
    1.2686536398174817,
    15.43061397100876,
    0.4796472808849819,
    0.4431888127323822,
    0.4616126140156715,
    0.4989486546180181,
    0.49991425876641077,
    0.4996569467863719,
    0.42892837685228496,
    7.748942082314316,
    5.83306877706964,
    4.2028361959743386,
    4.359938802096274,
    3.6942248786049423,
    3.3508360792524186,
    2.219945743209713,
    0.4678359947395499,
    8.117600764542228,
    1.857155310889596
  ]
}